id,topic,name,site,screenshot,description,publication,query,doi,title
1,Floods,UMD Global Flood Monitoring System,http://flood.umd.edu/,app1.png,,https://doi.org/10.1002/2013WR014710,,http://dx.doi.org/10.5067/TRMM/TMPA/3H-E/7,TRMM (TMPA-RT) Near Real-Time Precipitation L3 3 hour 0.25 degree x 0.25 degree V7
2,Floods,Dartmouth Flood Observatory,https://floodobservatory.colorado.edu/,app2.png,,None,,http://dx.doi.org/10.5067/YL62FUZLAJUT,"AMSR-E/Aqua L2A Global Swath Spatially-Resampled Brightness Temperatures (Tb), Version 4"
3,Floods,HEC-HMS,https://www.hec.usace.army.mil/software/hec-hms/,app3.png,,https://doi.org/10.1007/s12517-015-2228-2,,http://dx.doi.org/10.5067/TRMM/TMPA/3H/7,TRMM (TMPA) Rainfall Estimate L3 3 hour 0.25 degree x 0.25 degree V7
4,Floods,HEC-HMS,https://www.hec.usace.army.mil/software/hec-hms/,,,https://doi.org/10.1007/s12517-015-2228-3,,http://dx.doi.org/10.5067/TRMM/TMPA/DAY/7,TRMM (TMPA) Precipitation L3 1 day 0.25 degree x 0.25 degree V7
4,Landslides,LHASA,https://gpm.nasa.gov/applications/global-landslide-model,app4.png,,https://doi.org/10.1002/2017EF000715,,http://dx.doi.org/10.5067/GPM/IMERG/3B-HH-E/06,GPM IMERG Early Precipitation L3 Half Hourly 0.1 degree x 0.1 degree V06
5,Wildfires,Active Fire Live Map,https://firecast.conservation.org/DataMaps/LiveView,app5.png,,https://earthdata.nasa.gov/learn/articles/feature-articles/wildfire-articles/wildfires-cant-hide-from-earth-observing-satellites,,http://dx.doi.org/10.5067/FIRMS/VIIRS/VNP14IMGT_NRT.002,VIIRS (S-NPP) I Band 375 m Active Fire locations NRT (Vector data)
6,Wildfires,"ABoVE: Burn Severity, Fire Progression, and Field Data, NWT, Canada",https://webmap.ornl.gov/ogc/dataset.jsp?ds_id=1548,app6.png,,https://daac.ornl.gov/ABOVE/guides/Wildfires_NWT_Canada.html,,https://doi.org/10.3334/ORNLDAAC/1548,"ABoVE: Burn Severity, Fire Progression, and Field Data, NWT, Canada, 2015-2016"
